job_id,workload_name,profile,submission_time,requested_number_of_resources,requested_time,success,final_state,starting_time,execution_time,finish_time,waiting_time,turnaround_time,stretch,allocated_resources,consumed_energy,metadata
0,w0,p60,0.000000,4,60.000000,0,COMPLETED_WALLTIME_REACHED,0.000000,60.000000,60.000000,0.000000,60.000000,1.000000,0-3,-1.000000,""
5,w0,p20,25.000000,1,20.000000,0,COMPLETED_WALLTIME_REACHED,60.000050,20.000000,80.000050,35.000050,55.000050,2.750003,2,-1.000000,""
2,w0,p30,10.000000,2,30.000000,0,COMPLETED_WALLTIME_REACHED,60.000050,30.000000,90.000050,50.000050,80.000050,2.666668,0-1,-1.000000,""
1,w0,p120,5.000000,12,120.000000,0,COMPLETED_WALLTIME_REACHED,5.000000,120.000000,125.000000,0.000000,120.000000,1.000000,4-15,-1.000000,""
3,w0,p45,15.000000,3,45.000000,0,COMPLETED_WALLTIME_REACHED,90.000100,45.000000,135.000100,75.000100,120.000100,2.666669,0-2,-1.000000,""
6,w0,p75,30.000000,6,75.000000,0,COMPLETED_WALLTIME_REACHED,135.000150,75.000000,210.000150,105.000150,180.000150,2.400002,0-2 11-13,-1.000000,""
4,w0,p90,20.000000,8,90.000000,0,COMPLETED_WALLTIME_REACHED,125.000050,90.000000,215.000050,105.000050,195.000050,2.166667,3-10,-1.000000,""
8,w0,p40,40.000000,4,40.000000,0,COMPLETED_WALLTIME_REACHED,215.000100,40.000000,255.000100,175.000100,215.000100,5.375003,10-13,-1.000000,""
9,w0,p55,45.000000,5,55.000000,0,COMPLETED_WALLTIME_REACHED,255.000150,55.000000,310.000150,210.000150,265.000150,4.818185,10-14,-1.000000,""
7,w0,p100,35.000000,10,100.000000,0,COMPLETED_WALLTIME_REACHED,215.000100,100.000000,315.000100,180.000100,280.000100,2.800001,0-9,-1.000000,""
